index,course_id,first_item_id,num_of_items,dropout_percentage,course_days,forum_counts,assessment_counts,asssignemnt_counts,required_review_counts,grading_types,submission_types,is_graded_x,quiz_is_graded_x,assessment_passing_fraction_x,global_item_time_commitment_x,question_counts_x,checkbox_percentage_x,checkboxReflect_percentage_x,codeExpression_percentage_x,math expression_percentage_x,mcq_percentage_x,mcqReflect_percentage_x,reflect_percentage_x,regex_percentage_x,single numeric_percentage_x,text exact match_percentage_x,is_staff_graded_x,second_item_id,is_graded_y,quiz_is_graded_y,assessment_passing_fraction_y,global_item_time_commitment_y,question_counts_y,checkbox_percentage_y,checkboxReflect_percentage_y,codeExpression_percentage_y,math expression_percentage_y,mcq_percentage_y,mcqReflect_percentage_y,reflect_percentage_y,regex_percentage_y,single numeric_percentage_y,text exact match_percentage_y,is_staff_graded_y
2,0b8RF_ajEeWVVBJOyMKIHw,3j8MH,7,0.0,365.0,10.0,257.0,0.0,0.0,0.0,0.0,True,True,0.8,1800000.0,63.0,0.2857142857142857,0.0,0.0,0.0,0.7142857142857143,0.0,0.0,0.0,0.0,0.0,0.0,u2Cwh,True,True,0.8,1800000.0,41.0,0.073170731707317,0.0,0.0,0.0,0.926829268292683,0.0,0.0,0.0,0.0,0.0,0.0
3,0ej5C6CJEeiAExLt68dqiA,GUD7u,35,0.07724712221405829,57.5578231292517,19.0,356.8775510204082,172.0,238.0,2.0,3.0,True,True,0.7,600000.0,12.0,0.6666666666666666,0.0,0.0,0.0,0.3333333333333333,0.0,0.0,0.0,0.0,0.0,0.0,A8re1,True,True,0.7,600000.0,10.0,0.4,0.0,0.0,0.0,0.6,0.0,0.0,0.0,0.0,0.0,0.0
4,0jwqe3EyEeWxvQr3acyajw,I2WdT,9,0.25732360881653704,36.93162393162393,6.957264957264957,176.5982905982906,0.0,0.0,0.0,0.0,True,True,0.7,1800000.0,22.0,0.0,0.0,0.0,0.0,1.0,0.0,0.0,0.0,0.0,0.0,0.0,OThzt,True,True,0.7,1800000.0,26.0,0.0,0.0,0.0,0.0,1.0,0.0,0.0,0.0,0.0,0.0,0.0
6,1BWQ2MOEEeS3kiIACx2NTg,Ixjrl,10,0.3627112538648576,35.16260162601626,7.0,165.8211382113821,0.0,0.0,0.0,0.0,True,True,0.6,1800000.0,42.0,0.3333333333333333,0.0,0.0,0.0,0.6666666666666666,0.0,0.0,0.0,0.0,0.0,0.0,fXvQ8,True,True,0.6,1800000.0,46.0,0.3478260869565217,0.0,0.0,0.0,0.6521739130434783,0.0,0.0,0.0,0.0,0.0,0.0
7,1ZacN53KEeWlGQ5Xb9b0kw,5d84d,4,0.24111401754116019,37.88461538461539,7.0,36.0,0.0,0.0,0.0,0.0,True,True,0.7,1800000.0,40.0,0.0,0.0,0.0,0.0,1.0,0.0,0.0,0.0,0.0,0.0,0.0,QRIFs,True,True,0.7,1800000.0,40.0,0.0,0.0,0.0,0.0,1.0,0.0,0.0,0.0,0.0,0.0,0.0
8,1eYewVu-EeWACQpGR_316w,jPG8n,25,0.07473725184896847,34.70338983050848,12.0,111.0,4.0,0.0,0.0,0.0,True,True,0.8,1800000.0,20.0,0.4,0.0,0.0,0.0,0.6,0.0,0.0,0.0,0.0,0.0,0.0,KddZ8,True,True,0.8,1800000.0,13.0,0.0,0.0,0.0,0.0,1.0,0.0,0.0,0.0,0.0,0.0,0.0
9,2C2e6l1gEeWFhAqDMJTKuQ,j64Gz,8,0.24653148345784417,28.870967741935484,5.991935483870968,58.66935483870968,0.0,0.0,0.0,0.0,True,True,0.6,1800000.0,43.0,0.0,0.0,0.0,0.0,0.9767441860465116,0.0,0.0,0.0,0.0232558139534883,0.0,0.0,JZsTS,True,True,0.6,1800000.0,54.0,0.0,0.0,0.0,0.0,1.0,0.0,0.0,0.0,0.0,0.0,0.0
10,2iD7dxkvEeW9dA4X94-nLQ,0TQr7,5,0.3269627242351715,44.84496124031008,5.0,25.0,0.0,0.0,0.0,0.0,True,True,0.8,1800000.0,100.0,0.5,0.0,0.0,0.0,0.5,0.0,0.0,0.0,0.0,0.0,0.0,OlYad,True,True,0.8,1800000.0,100.0,0.3,0.0,0.0,0.0,0.7,0.0,0.0,0.0,0.0,0.0,0.0
11,2vaX6li0Eeaw3QoEHqdPHw,O9CXC,4,0.1075353218210361,44.10377358490566,7.981132075471698,33.716981132075475,0.0,0.0,0.0,0.0,True,True,0.6,1800000.0,35.0,0.0,0.0,0.0,0.0,1.0,0.0,0.0,0.0,0.0,0.0,0.0,rhr8a,True,True,0.6,1800000.0,25.0,0.0,0.0,0.0,0.0,1.0,0.0,0.0,0.0,0.0,0.0,0.0
12,36nx6_nxEeaOTwrEsgnL9g,0EUm0,5,0.2343536993431652,48.11340206185567,7.0,34.0,0.0,0.0,0.0,0.0,True,True,0.5,1800000.0,36.0,0.0,0.0,0.0,0.0,1.0,0.0,0.0,0.0,0.0,0.0,0.0,VJz79,True,True,0.5,1800000.0,45.0,0.0,0.0,0.0,0.0,1.0,0.0,0.0,0.0,0.0,0.0,0.0
13,3NogQ11pEeWJEg4Ftlh5hw,dJmob,13,0.306368330464716,42.146341463414636,8.0,85.51219512195122,0.0,0.0,0.0,0.0,True,True,0.6,1800000.0,42.0,0.0,0.0,0.0,0.0,1.0,0.0,0.0,0.0,0.0,0.0,0.0,Cp2VS,True,True,0.6,1800000.0,36.0,0.1666666666666666,0.0,0.0,0.0,0.8333333333333334,0.0,0.0,0.0,0.0,0.0,0.0
14,3SBzsdmpEeWIyg6KWmLgkQ,UyjRD,8,0.28695652173913044,34.07692307692308,7.0,30.0,0.0,0.0,0.0,0.0,True,True,0.5,1800000.0,14.0,0.0,0.0,0.0,0.0,0.8571428571428571,0.0,0.0,0.0,0.1428571428571428,0.0,0.0,z4rH1,True,True,0.5,1800000.0,13.0,0.0,0.0,0.0,0.0,0.7692307692307693,0.0,0.0,0.0,0.2307692307692307,0.0,0.0
16,4ShRA9_QEeyDlhIByxEPJw,O9CXC,4,0.0,365.0,6.0,4.0,0.0,0.0,0.0,0.0,True,True,0.6,1800000.0,35.0,0.0,0.0,0.0,0.0,1.0,0.0,0.0,0.0,0.0,0.0,0.0,rhr8a,True,True,0.6,1800000.0,25.0,0.0,0.0,0.0,0.0,1.0,0.0,0.0,0.0,0.0,0.0,0.0
20,5utrlNpdEeWP9RIK11q74w,NWGzh,8,0.22816901408450704,34.07692307692308,7.0,27.0,0.0,0.0,0.0,0.0,True,True,0.5,1800000.0,14.0,0.0,0.0,0.0,0.0,0.8571428571428571,0.0,0.0,0.0,0.0,0.1428571428571428,0.0,L0zQk,True,True,0.5,1800000.0,13.0,0.0,0.0,0.0,0.0,0.7692307692307693,0.0,0.0,0.0,0.0,0.2307692307692307,0.0
21,5zjIsJq-EeW_wArffOXkOw,6Gbz3,6,0.2834776304599384,48.6890756302521,9.0,70.60504201680672,0.0,0.0,0.0,0.0,True,True,0.7,1800000.0,80.0,0.0,0.0,0.0,0.0,1.0,0.0,0.0,0.0,0.0,0.0,0.0,kZvj4,True,True,0.7,1800000.0,70.0,0.0,0.0,0.0,0.0,1.0,0.0,0.0,0.0,0.0,0.0,0.0
23,6GKIgtwaEeWbigpIjeBbbQ,sL0pq,5,0.48823529411764705,34.07692307692308,7.0,23.0,0.0,0.0,0.0,0.0,True,True,0.8,1800000.0,100.0,0.5,0.0,0.0,0.0,0.5,0.0,0.0,0.0,0.0,0.0,0.0,iwNf5,True,True,0.8,1800000.0,100.0,0.3,0.0,0.0,0.0,0.7,0.0,0.0,0.0,0.0,0.0,0.0
24,6SyAwCK9EeauJhIhAQHNmQ,LaeT0,3,0.0,365.0,7.0,48.0,0.0,0.0,0.0,0.0,True,True,0.8,1800000.0,120.0,0.5,0.0,0.0,0.0,0.5,0.0,0.0,0.0,0.0,0.0,0.0,C7Tzm,True,True,0.8,1800000.0,165.0,0.2727272727272727,0.0,0.0,0.0,0.7272727272727273,0.0,0.0,0.0,0.0,0.0,0.0
25,6_10JKePEeuLpxKpdBxh5w,ZXjzv,5,0.06203811746402178,39.56818181818182,6.0,39.0,8.0,24.0,2.0,1.0,True,True,0.7,1800000.0,40.0,0.0,0.0,0.0,0.0,1.0,0.0,0.0,0.0,0.0,0.0,0.0,37WAs,True,True,0.7,1800000.0,40.0,0.0,0.0,0.0,0.0,1.0,0.0,0.0,0.0,0.0,0.0,0.0
28,7s7JbZ4REeWIXgpWJNgyEw,GvUY7,7,0.3004067402672865,48.11842105263158,7.0,26.0,0.0,0.0,0.0,0.0,True,True,0.6,1800000.0,100.0,0.3,0.0,0.0,0.0,0.7,0.0,0.0,0.0,0.0,0.0,0.0,SQSqL,True,True,0.6,1800000.0,101.0,0.6039603960396039,0.0,0.0,0.0,0.396039603960396,0.0,0.0,0.0,0.0,0.0,0.0
29,81DhDuWeEeyPTw7oua-0lQ,8UphC,4,0.14953271028037382,44.53125,9.0,12.0,0.0,0.0,0.0,0.0,True,True,0.7,1800000.0,51.0,0.0784313725490196,0.0,0.0,0.0,0.9215686274509804,0.0,0.0,0.0,0.0,0.0,0.0,xs8JS,True,True,0.7,1800000.0,43.0,0.0,0.0,0.0,0.0,1.0,0.0,0.0,0.0,0.0,0.0,0.0
30,8H8wFp3KEeWoKRLkmmHLTQ,vVxzj,4,0.10913642052565707,35.54585152838428,7.0,28.0,0.0,0.0,0.0,0.0,True,True,0.7,1800000.0,49.0,0.0,0.0,0.0,0.0,1.0,0.0,0.0,0.0,0.0,0.0,0.0,5hknw,True,True,0.7,1800000.0,52.0,0.0,0.0,0.0,0.0,1.0,0.0,0.0,0.0,0.0,0.0,0.0
32,90jPQTcuEeyeYA42DXbPkQ,Bcudo,4,0.06129032258064516,45.0,5.0,12.0,0.0,0.0,0.0,0.0,True,True,0.7,1800000.0,40.0,0.0,0.0,0.0,0.0,1.0,0.0,0.0,0.0,0.0,0.0,0.0,u1xEk,True,True,0.7,1800000.0,40.0,0.0,0.0,0.0,0.0,1.0,0.0,0.0,0.0,0.0,0.0,0.0
33,9DSyPzsMEeeaawqep_smgg,9XcZf,4,0.008429926238145416,38.90384615384615,5.019230769230769,11.961538461538462,0.0,0.0,0.0,0.0,True,True,0.7,1800000.0,37.0,0.0,0.0,0.0,0.0,1.0,0.0,0.0,0.0,0.0,0.0,0.0,qbE7l,True,True,0.7,1800000.0,35.0,0.1142857142857142,0.0,0.0,0.0,0.8857142857142857,0.0,0.0,0.0,0.0,0.0,0.0
37,ACtXr8ZgEeeyHRI8P6m6MA,B8sVT,15,0.0,365.0,6.0,43.0,0.0,0.0,0.0,0.0,True,True,0.65,1800000.0,20.0,0.0,0.0,0.0,0.0,1.0,0.0,0.0,0.0,0.0,0.0,0.0,LM5Jk,True,True,0.65,1800000.0,24.0,0.0,0.0,0.0,0.0,1.0,0.0,0.0,0.0,0.0,0.0,0.0
40,BNA6sibtEei_mBIiERYEUg,d4BiL,4,0.09969167523124357,34.08,5.0,14.0,0.0,0.0,0.0,0.0,True,True,0.7,1800000.0,40.0,0.0,0.0,0.0,0.0,1.0,0.0,0.0,0.0,0.0,0.0,0.0,p78N3,True,True,0.7,1800000.0,40.0,0.1,0.0,0.0,0.0,0.9,0.0,0.0,0.0,0.0,0.0,0.0
44,BvJl4ZynEeeeLg6Ny5iuug,YHVRb,4,0.2848821816256288,34.07216494845361,5.0,15.0,0.0,0.0,0.0,0.0,True,True,0.7,1800000.0,41.0,0.0,0.0,0.0,0.0,1.0,0.0,0.0,0.0,0.0,0.0,0.0,23vrN,True,True,0.7,1800000.0,40.0,0.0,0.0,0.0,0.0,1.0,0.0,0.0,0.0,0.0,0.0,0.0
45,C-WALZ3LEeWVBgpelZA5Jw,e1tnu,4,0.10258446433727982,38.6359649122807,7.0,44.0,0.0,0.0,0.0,0.0,True,True,0.7,1800000.0,49.0,0.0,0.0,0.0,0.0,1.0,0.0,0.0,0.0,0.0,0.0,0.0,qZX1U,True,True,0.7,1800000.0,57.0,0.0,0.0,0.0,0.0,1.0,0.0,0.0,0.0,0.0,0.0,0.0
46,CFRP8iiDEeih8Q5UqICKUA,t5Gj7,6,0.11556291390728476,37.48314606741573,5.0,32.0,0.0,0.0,0.0,0.0,True,True,0.7,1800000.0,56.0,0.4464285714285714,0.0,0.0,0.0,0.5535714285714286,0.0,0.0,0.0,0.0,0.0,0.0,37uci,True,True,0.7,1800000.0,44.0,0.0909090909090909,0.0,0.0,0.0,0.9090909090909092,0.0,0.0,0.0,0.0,0.0,0.0
47,CPy7BAtMEeeyDAoXlzPrFg,UCC0k,8,0.13629702002931118,41.07843137254902,7.0,98.0,0.0,0.0,0.0,0.0,True,True,0.85,1800000.0,31.0,0.0,0.0,0.0,0.0,1.0,0.0,0.0,0.0,0.0,0.0,0.0,jZNt5,True,True,0.85,1800000.0,23.0,0.0,0.0,0.0,0.0,0.8260869565217391,0.0,0.0,0.0,0.1739130434782608,0.0,0.0
48,CaoVzSbOEeiBDw6x0cqOxA,HqvLA,4,0.11140583554376658,34.08,5.0,21.0,0.0,0.0,0.0,0.0,True,True,0.7,1800000.0,40.0,0.0,0.0,0.0,0.0,1.0,0.0,0.0,0.0,0.0,0.0,0.0,OfU7b,True,True,0.7,1800000.0,40.0,0.0,0.0,0.0,0.0,1.0,0.0,0.0,0.0,0.0,0.0,0.0
51,F4VNjX8-EeWBvwrKtFGfAw,UUN90,4,0.15503609487796494,35.01075268817204,5.0,16.0,0.0,0.0,0.0,0.0,True,True,0.7,1800000.0,52.0,0.4038461538461538,0.0,0.0,0.0,0.5961538461538461,0.0,0.0,0.0,0.0,0.0,0.0,UVz0b,True,True,0.7,1800000.0,40.0,0.125,0.0,0.0,0.0,0.875,0.0,0.0,0.0,0.0,0.0,0.0
52,FXS00V1oEeWK1woL5P9cGQ,VK4NL,16,0.1959018938217945,42.146341463414636,8.0,124.26016260162602,0.0,0.0,0.0,0.0,True,True,0.6,1800000.0,30.0,0.0,0.0,0.0,0.0,1.0,0.0,0.0,0.0,0.0,0.0,0.0,FQoQc,True,True,0.6,1800000.0,30.0,0.0,0.0,0.0,0.0,1.0,0.0,0.0,0.0,0.0,0.0,0.0
54,FmDuCnEzEeWKsgrp3VnvAw,sXUBE,5,0.2853728683112569,48.14678899082569,8.0,17.0,0.0,0.0,0.0,0.0,True,True,0.5,1800000.0,40.0,0.0,0.0,0.0,0.0,1.0,0.0,0.0,0.0,0.0,0.0,0.0,KdOdj,True,True,0.5,1800000.0,40.0,0.0,0.0,0.0,0.0,1.0,0.0,0.0,0.0,0.0,0.0,0.0
58,G_EK_yosEemOsQ7GDsa6cA,T6Qd6,4,0.0,48.0,7.0,7.0,0.0,0.0,0.0,0.0,True,True,1.0,1800000.0,2.0,0.0,0.0,0.0,0.0,0.0,0.0,1.0,0.0,0.0,0.0,0.0,p3dPT,True,True,1.0,1800000.0,26.0,0.1923076923076923,0.0,0.0,0.0,0.8076923076923077,0.0,0.0,0.0,0.0,0.0,0.0
60,GutC4Nm9EeWkoRJloSKtsw,aWO8v,6,0.32371794871794873,34.07692307692308,7.0,108.0,0.0,0.0,0.0,0.0,True,True,0.7,1800000.0,17.0,0.0,0.0,0.0,0.0,0.5294117647058824,0.0,0.0,0.0,0.4705882352941176,0.0,0.0,25HfX,True,True,0.7,1800000.0,18.0,0.0,0.0,0.0,0.0,0.5,0.0,0.0,0.0,0.5,0.0,0.0
61,HJ-ixLNjEeuulAq3NfAu8w,aacPC,6,0.19525480059084194,50.880434782608695,10.73913043478261,14.73913043478261,3.0,9.0,1.0,1.0,True,True,0.7,1800000.0,40.0,0.1,0.0,0.0,0.0,0.9,0.0,0.0,0.0,0.0,0.0,0.0,fwRhV,True,True,0.7,1800000.0,40.0,0.0,0.0,0.0,0.0,1.0,0.0,0.0,0.0,0.0,0.0,0.0
64,HxW1_n3iEeyRTg6FtAvfBw,lNvzG,4,0.14894894894894894,42.023809523809526,5.0,13.0,0.0,0.0,0.0,0.0,True,True,0.7,1800000.0,40.0,0.0,0.0,0.0,0.0,1.0,0.0,0.0,0.0,0.0,0.0,0.0,cmG7I,True,True,0.7,1800000.0,40.0,0.0,0.0,0.0,0.0,1.0,0.0,0.0,0.0,0.0,0.0,0.0
65,Hzr0cNmVEeW6jg7jFY56EQ,uxuh4,5,0.5460526315789473,34.07627118644068,7.0,16.0,0.0,0.0,0.0,0.0,True,True,0.8,1800000.0,100.0,0.5,0.0,0.0,0.0,0.5,0.0,0.0,0.0,0.0,0.0,0.0,vkIVe,True,True,0.8,1800000.0,100.0,0.3,0.0,0.0,0.0,0.7,0.0,0.0,0.0,0.0,0.0,0.0
68,ItkVBpbeEeu46w60Xgbpdw,9LZWi,18,0.0,365.0,6.0,86.0,0.0,0.0,0.0,0.0,True,True,0.65,1800000.0,12.0,0.0,0.0,0.0,0.0,1.0,0.0,0.0,0.0,0.0,0.0,0.0,gdAmm,True,True,0.65,1800000.0,12.0,0.3333333333333333,0.0,0.0,0.0,0.6666666666666666,0.0,0.0,0.0,0.0,0.0,0.0
69,JO9WseJDEeaJ4g5huBPuvg,bRg4x,4,0.19530009526833916,40.37765957446808,7.0,43.0,12.0,36.0,1.0,2.0,True,True,0.7,1800000.0,40.0,0.0,0.0,0.0,0.0,1.0,0.0,0.0,0.0,0.0,0.0,0.0,RfgZF,True,True,0.7,1800000.0,40.0,0.0,0.0,0.0,0.0,1.0,0.0,0.0,0.0,0.0,0.0,0.0
72,KiKJIuAGEeWHHAokaxVUhQ,tPWUP,5,0.0,365.0,8.0,10.0,0.0,0.0,0.0,0.0,True,True,0.8,1800000.0,32.0,0.0,0.0,0.0,0.0,1.0,0.0,0.0,0.0,0.0,0.0,0.0,BDJh7,True,True,0.8,1800000.0,32.0,0.0,0.0,0.0,0.0,1.0,0.0,0.0,0.0,0.0,0.0,0.0
73,Kmcx5fCDEeu8Fwo3Sa_Z7Q,bbard,10,0.1945945945945946,41.23913043478261,9.0,57.0,6.0,18.0,2.0,1.0,True,True,0.8,300000.0,1.0,0.0,0.0,0.0,0.0,0.0,0.0,0.0,0.0,1.0,0.0,0.0,kX3Q0,True,True,0.8,60000.0,2.0,0.0,0.0,0.0,0.0,1.0,0.0,0.0,0.0,0.0,0.0,0.0
74,MEgKOpw3EeWILQ7D3uPEMw,eq5o5,4,0.24478582641847949,39.5,8.0,17.91949152542373,0.0,0.0,0.0,0.0,True,True,0.7,1800000.0,44.0,0.0,0.0,0.0,0.0,1.0,0.0,0.0,0.0,0.0,0.0,0.0,QS2QC,True,True,0.8,1800000.0,40.0,0.0,0.0,0.0,0.0,1.0,0.0,0.0,0.0,0.0,0.0,0.0
76,N1aVGd_SEeyDlhIByxEPJw,sisPb,4,0.0,365.0,5.0,4.0,0.0,0.0,0.0,0.0,True,True,0.6,1800000.0,24.0,0.0,0.0,0.0,0.0,1.0,0.0,0.0,0.0,0.0,0.0,0.0,aeJgh,True,True,0.6,1800000.0,40.0,0.0,0.0,0.0,0.0,1.0,0.0,0.0,0.0,0.0,0.0,0.0
77,NGp_fFyyEeqOiwpmHr8y8Q,kK0XU,11,0.0879451395572666,55.208695652173915,12.0,96.0,5.0,0.0,0.0,0.0,True,True,0.75,720000.0,24.0,0.0,0.0,0.0,0.0,1.0,0.0,0.0,0.0,0.0,0.0,0.0,KuHcc,True,True,0.75,600000.0,20.0,0.0,0.0,0.0,0.0,1.0,0.0,0.0,0.0,0.0,0.0,0.0
78,NHES3WhiEemX2A6KfeqjpA,QBhkf,7,0.20164609053497942,54.21917808219178,11.0,63.0,5.0,15.0,1.0,1.0,True,True,0.8,900000.0,30.0,0.0,0.0,0.0,0.0,1.0,0.0,0.0,0.0,0.0,0.0,0.0,TrCVj,True,True,0.8,900000.0,31.0,0.0,0.0,0.0,0.0,1.0,0.0,0.0,0.0,0.0,0.0,0.0
82,OGav0rNjEeuulAq3NfAu8w,ngI3A,4,0.0654534332466738,43.2247191011236,5.0,31.685393258426966,0.0,0.0,0.0,0.0,True,True,0.7,1800000.0,40.0,0.0,0.0,0.0,0.0,1.0,0.0,0.0,0.0,0.0,0.0,0.0,qrb9V,True,True,0.7,1800000.0,40.0,0.1,0.0,0.0,0.0,0.9,0.0,0.0,0.0,0.0,0.0,0.0
85,RahxdMpzEe2Aaw7_Z0q7AQ,QBhkf,7,0.0,365.0,12.0,13.0,1.0,3.0,1.0,1.0,True,True,0.8,900000.0,30.0,0.0,0.0,0.0,0.0,1.0,0.0,0.0,0.0,0.0,0.0,0.0,TrCVj,True,True,0.8,900000.0,31.0,0.0,0.0,0.0,0.0,1.0,0.0,0.0,0.0,0.0,0.0,0.0
86,RebFiiosEemp4gpnJYC-Xg,T6Qd6,4,0.038461538461538464,48.0,7.0,7.0,0.0,0.0,0.0,0.0,True,True,1.0,1800000.0,2.0,0.0,0.0,0.0,0.0,0.0,0.0,1.0,0.0,0.0,0.0,0.0,p3dPT,True,True,1.0,1800000.0,26.0,0.1923076923076923,0.0,0.0,0.0,0.8076923076923077,0.0,0.0,0.0,0.0,0.0,0.0
87,SdHxfbfoEeaySxJObWl3bA,eI8ds,6,0.29958890030832475,48.11340206185567,7.0,105.0,0.0,0.0,0.0,0.0,True,True,0.8,1800000.0,40.0,0.0,0.0,0.0,0.0,1.0,0.0,0.0,0.0,0.0,0.0,0.0,Gq9iz,True,True,0.8,1800000.0,43.0,0.0,0.0,0.0,0.0,1.0,0.0,0.0,0.0,0.0,0.0,0.0
89,TAcvw8xPEeWY8BJ-M6js0Q,W5DJr,2,0.0,365.0,8.0,74.0,0.0,0.0,0.0,0.0,True,True,0.8,1800000.0,40.0,0.0,0.0,0.0,0.0,1.0,0.0,0.0,0.0,0.0,0.0,0.0,plWsX,True,True,0.8,1800000.0,399.0,0.0,0.0,0.0,0.0,1.0,0.0,0.0,0.0,0.0,0.0,0.0
90,TGvAlli6Eea6OBIvyzcuGw,sisPb,4,0.07323232323232323,35.64622641509434,6.981132075471698,12.915094339622641,0.0,0.0,0.0,0.0,True,True,0.6,1800000.0,24.0,0.0,0.0,0.0,0.0,1.0,0.0,0.0,0.0,0.0,0.0,0.0,aeJgh,True,True,0.6,1800000.0,40.0,0.0,0.0,0.0,0.0,1.0,0.0,0.0,0.0,0.0,0.0,0.0
91,UVymFeESEey0uQ74Jk0S7w,B8sVT,15,0.0,256.6666666666667,6.0,38.0,0.0,0.0,0.0,0.0,True,True,0.65,1800000.0,20.0,0.0,0.0,0.0,0.0,1.0,0.0,0.0,0.0,0.0,0.0,0.0,LM5Jk,True,True,0.65,1800000.0,24.0,0.0,0.0,0.0,0.0,1.0,0.0,0.0,0.0,0.0,0.0,0.0
92,Ux2WtmBXEemE2Q6eJy4pcg,fIkZz,4,0.20597224309835163,37.33112582781457,5.0,24.0,0.0,0.0,0.0,0.0,True,True,0.7,1800000.0,35.0,0.0,0.0,0.0,0.0,1.0,0.0,0.0,0.0,0.0,0.0,0.0,BgxLB,True,True,0.7,1800000.0,39.0,0.0,0.0,0.0,0.0,1.0,0.0,0.0,0.0,0.0,0.0,0.0
93,W7nFdNmPEeWd4wrZhyGl7w,TKQ0p,4,0.40791268758526605,34.07692307692308,7.0,26.0,0.0,0.0,0.0,0.0,True,True,0.8,1800000.0,38.0,0.0,0.0,0.0,0.0,1.0,0.0,0.0,0.0,0.0,0.0,0.0,aFuHH,True,True,0.8,1800000.0,41.0,0.0,0.0,0.0,0.0,1.0,0.0,0.0,0.0,0.0,0.0,0.0
95,WfKIlcpzEe2heBJoYVaBQQ,9LZWi,18,0.0,365.0,9.0,64.0,0.0,0.0,0.0,0.0,True,True,0.65,1800000.0,12.0,0.0,0.0,0.0,0.0,1.0,0.0,0.0,0.0,0.0,0.0,0.0,gdAmm,True,True,0.65,1800000.0,12.0,0.3333333333333333,0.0,0.0,0.0,0.6666666666666666,0.0,0.0,0.0,0.0,0.0,0.0
96,Y7GjB55UEeyecw4_xU2sgw,IsmZw,5,0.06909090909090909,58.45161290322581,7.0,34.0,0.0,0.0,0.0,0.0,True,True,0.8,900000.0,28.0,0.2857142857142857,0.0,0.0,0.0,0.7142857142857143,0.0,0.0,0.0,0.0,0.0,0.0,F7uQm,True,True,0.8,900000.0,20.0,0.2,0.0,0.0,0.0,0.8,0.0,0.0,0.0,0.0,0.0,0.0
97,ZLvhe1yyEeqRbA7uHbU8Mw,o9oNa,12,0.018328445747800588,58.93518518518518,12.907407407407407,36.0,0.0,0.0,0.0,0.0,True,True,0.75,960000.0,29.0,0.0,0.0,0.0,0.0,1.0,0.0,0.0,0.0,0.0,0.0,0.0,pprFL,True,True,0.75,960000.0,28.0,0.0,0.0,0.0,0.0,1.0,0.0,0.0,0.0,0.0,0.0,0.0
98,ZOqHNEONEeaeRgqQhMBV5Q,WVD0d,4,0.17334721499219158,36.39823008849557,6.0,25.0,17.0,51.0,1.0,3.0,True,True,0.7,1800000.0,40.0,0.3,0.0,0.0,0.0,0.7,0.0,0.0,0.0,0.0,0.0,0.0,K1esm,True,True,0.7,1800000.0,38.0,0.3157894736842105,0.0,0.0,0.0,0.6842105263157895,0.0,0.0,0.0,0.0,0.0,0.0
99,_nPk0sh8Eeu0XApuhnGpjQ,EamWM,4,0.07300188797986155,39.148936170212764,5.0,10.0,0.0,0.0,0.0,0.0,True,True,0.7,1800000.0,41.0,0.0,0.0,0.0,0.0,1.0,0.0,0.0,0.0,0.0,0.0,0.0,tBcjP,True,True,0.7,1800000.0,40.0,0.0,0.0,0.0,0.0,1.0,0.0,0.0,0.0,0.0,0.0,0.0
101,b3IJjkJkEey2HhKRvGWgpQ,GUGrP,4,0.07802294792586055,38.170731707317074,5.0,11.0,0.0,0.0,0.0,0.0,True,True,0.7,1800000.0,44.0,0.3409090909090909,0.0,0.0,0.0,0.6590909090909091,0.0,0.0,0.0,0.0,0.0,0.0,K5jR6,True,True,0.7,1800000.0,46.0,0.4347826086956521,0.0,0.0,0.0,0.5652173913043478,0.0,0.0,0.0,0.0,0.0,0.0
103,bZf1YEfEEeylbAqjSwTWlQ,FFmpO,4,0.05692883895131086,38.170731707317074,5.0,14.0,0.0,0.0,0.0,0.0,True,True,0.7,1800000.0,20.0,0.2,0.0,0.0,0.0,0.8,0.0,0.0,0.0,0.0,0.0,0.0,ec9Wp,True,True,0.7,1800000.0,16.0,0.0,0.0,0.0,0.0,1.0,0.0,0.0,0.0,0.0,0.0,0.0
104,bkFA26nvEeum6BIHGrznzw,XmUuF,4,0.05097706032285471,39.148936170212764,5.0,16.0,0.0,0.0,0.0,0.0,True,True,0.7,1800000.0,38.0,0.1052631578947368,0.0,0.0,0.0,0.8947368421052632,0.0,0.0,0.0,0.0,0.0,0.0,XlnBo,True,True,0.7,1800000.0,40.0,0.7,0.0,0.0,0.0,0.3,0.0,0.0,0.0,0.0,0.0,0.0
108,d0Liq6RGEeuDgAowKXa1Bw,0g7fB,4,0.18267610380856084,41.99029126213592,5.0,16.07766990291262,0.0,0.0,0.0,0.0,True,True,0.7,1800000.0,47.0,0.425531914893617,0.0,0.0,0.0,0.574468085106383,0.0,0.0,0.0,0.0,0.0,0.0,ShfCc,True,True,0.7,1800000.0,47.0,0.2127659574468085,0.0,0.0,0.0,0.7872340425531915,0.0,0.0,0.0,0.0,0.0,0.0
110,dZEaNbNjEeurEQ7HpnWdKw,M3yP4,5,0.08338028169014085,39.56818181818182,6.0,29.0,5.0,15.0,2.0,1.0,True,True,0.7,1800000.0,40.0,0.2,0.0,0.0,0.0,0.8,0.0,0.0,0.0,0.0,0.0,0.0,C0f3a,True,True,0.7,1800000.0,40.0,0.2,0.0,0.0,0.0,0.8,0.0,0.0,0.0,0.0,0.0,0.0
111,dZoAyibQEeiHXRK9Gf-Ucg,yemPu,4,0.060350030175015085,35.08474576271186,5.0,23.0,0.0,0.0,0.0,0.0,True,True,0.7,1800000.0,40.0,0.0,0.0,0.0,0.0,1.0,0.0,0.0,0.0,0.0,0.0,0.0,Gnnyr,True,True,0.7,1800000.0,40.0,0.0,0.0,0.0,0.0,1.0,0.0,0.0,0.0,0.0,0.0,0.0
112,dwUPa14hEeWhGRIiCxDaqw,2nypb,10,0.0473331471655962,44.91338582677165,9.905511811023622,97.31496062992126,0.0,0.0,0.0,0.0,True,True,0.7,1800000.0,16.0,0.625,0.0,0.0,0.0,0.25,0.0,0.0,0.0,0.0625,0.0625,0.0,LZ8nD,True,True,0.7,1800000.0,17.0,0.0,0.0,0.0,0.0,0.5294117647058824,0.0,0.0,0.0,0.4705882352941176,0.0,0.0
113,eDH2LZq7EeW6bw4ogk2HGQ,gx1CY,8,0.0,365.0,7.0,32.0,0.0,0.0,0.0,0.0,True,True,0.8,1800000.0,46.0,0.0,0.0,0.0,0.0,1.0,0.0,0.0,0.0,0.0,0.0,0.0,2ALEK,True,True,0.8,1800000.0,43.0,0.0,0.0,0.0,0.0,1.0,0.0,0.0,0.0,0.0,0.0,0.0
115,fgTgTB7IEeaLkRI7JN9TzQ,MSXhC,7,0.0,365.0,6.0,48.0,0.0,0.0,0.0,0.0,True,True,0.8,1800000.0,59.0,0.0,0.0,0.0,0.0,1.0,0.0,0.0,0.0,0.0,0.0,0.0,jqr2Y,True,True,0.8,1800000.0,72.0,0.0,0.0,0.0,0.0,1.0,0.0,0.0,0.0,0.0,0.0,0.0
116,gTB3hmBTEemmohK7SwfByg,3IETK,4,0.2002029941639178,37.33112582781457,5.0,19.0,0.0,0.0,0.0,0.0,True,True,0.7,0.0,38.0,0.1052631578947368,0.0,0.0,0.0,0.8947368421052632,0.0,0.0,0.0,0.0,0.0,0.0,RAqEp,True,True,0.7,0.0,41.0,0.0975609756097561,0.0,0.0,0.0,0.902439024390244,0.0,0.0,0.0,0.0,0.0,0.0
118,gZ6cbKKkEeW1Bw7HN8tFsw,9zin6,12,0.17951968973747018,41.15966386554622,9.0,119.0,5.0,15.0,2.0,1.0,True,True,0.8,1800000.0,14.0,0.0,0.0,0.0,0.0,1.0,0.0,0.0,0.0,0.0,0.0,0.0,W490F,True,True,0.8,1800000.0,16.0,0.25,0.0,0.0,0.0,0.75,0.0,0.0,0.0,0.0,0.0,0.0
120,hY2iRD3pEe6hFxLQCGE4Mw,3JyQx,4,0.4954128440366973,47.333333333333336,5.0,57.0,0.0,0.0,0.0,0.0,True,True,0.8,1800000.0,17.0,0.2941176470588235,0.0,0.0,0.0,0.4117647058823529,0.0,0.0,0.0,0.2941176470588235,0.0,0.0,eH5Ve,True,True,0.65,3600000.0,3.0,0.0,0.0,0.0,0.0,0.0,0.0,0.0,0.0,1.0,0.0,0.0
121,i2Uj-RsyEe6n7gpaVjGbbw,U2Va1,4,0.2541436464088398,47.833333333333336,5.0,12.0,0.0,0.0,0.0,0.0,True,True,0.7,2400000.0,40.0,0.0,0.0,0.0,0.0,1.0,0.0,0.0,0.0,0.0,0.0,0.0,Nbzfs,True,True,0.7,2400000.0,40.0,0.0,0.0,0.0,0.0,1.0,0.0,0.0,0.0,0.0,0.0,0.0
123,iZHrnSosEemDZwrGWyELLA,T6Qd6,4,0.03333333333333333,48.0,7.0,7.0,0.0,0.0,0.0,0.0,True,True,1.0,1800000.0,2.0,0.0,0.0,0.0,0.0,0.0,0.0,1.0,0.0,0.0,0.0,0.0,p3dPT,True,True,1.0,1800000.0,26.0,0.1923076923076923,0.0,0.0,0.0,0.8076923076923077,0.0,0.0,0.0,0.0,0.0,0.0
125,jh4YTdysEeSnbSIACyCHUg,zADCM,7,0.2710278812582483,55.65217391304348,11.0,79.0,0.0,0.0,0.0,0.0,True,True,0.8,1800000.0,18.0,0.0,0.0,0.0,0.0,1.0,0.0,0.0,0.0,0.0,0.0,0.0,jojaX,True,True,0.75,1800000.0,16.0,0.0,0.0,0.0,0.0,1.0,0.0,0.0,0.0,0.0,0.0,0.0
127,k1pCqjR0Ee2OTg6-ghpzvQ,tKo06,4,0.3,45.44827586206897,8.0,15.0,0.0,0.0,0.0,0.0,True,True,0.7,1800000.0,41.0,0.1219512195121951,0.0,0.0,0.0,0.8780487804878049,0.0,0.0,0.0,0.0,0.0,0.0,2rrse,True,True,0.7,1800000.0,41.0,0.1219512195121951,0.0,0.0,0.0,0.8780487804878049,0.0,0.0,0.0,0.0,0.0,0.0
129,kqfrU2P-EeaUpRK1m-OeVQ,zBXl1,6,0.0,55.161904761904765,8.0,1128.0,0.0,0.0,0.0,0.0,True,True,0.8,1800000.0,143.0,0.2797202797202797,0.0,0.0,0.0,0.7202797202797203,0.0,0.0,0.0,0.0,0.0,0.0,N9Z6H,True,True,0.8,1800000.0,152.0,0.0526315789473684,0.0,0.0,0.0,0.9473684210526316,0.0,0.0,0.0,0.0,0.0,0.0
131,l1UVx4cqEeWRYRLoE9jCoQ,W8c8f,10,0.3635998392928887,62.152542372881356,11.0,77.0,11.0,51.0,2.0,2.0,True,True,0.8,1800000.0,28.0,0.0,0.0,0.0,0.0,1.0,0.0,0.0,0.0,0.0,0.0,0.0,vnlCH,True,True,0.8,1800000.0,36.0,0.0,0.0,0.0,0.0,1.0,0.0,0.0,0.0,0.0,0.0,0.0
132,lIomJC59EeaA3xIl-CKqow,fNWla,51,0.0,365.0,6.0,281.0,0.0,0.0,0.0,0.0,True,True,0.8,1800000.0,16.0,0.0,0.0,0.0,0.0,1.0,0.0,0.0,0.0,0.0,0.0,0.0,eGT1U,True,True,0.8,1800000.0,15.0,0.0,0.0,0.0,0.0,1.0,0.0,0.0,0.0,0.0,0.0,0.0
133,m4VAhBO8EeelzQod6J-aLA,tKo06,4,0.13236994219653178,37.361702127659576,5.0,27.0,0.0,0.0,0.0,0.0,True,True,0.7,1800000.0,41.0,0.1219512195121951,0.0,0.0,0.0,0.8780487804878049,0.0,0.0,0.0,0.0,0.0,0.0,2rrse,True,True,0.7,1800000.0,41.0,0.1219512195121951,0.0,0.0,0.0,0.8780487804878049,0.0,0.0,0.0,0.0,0.0,0.0
137,ncl-_2BXEemlLwq5e4U1PA,dRvYI,3,0.03863167207313477,37.35374149659864,5.0,17.0,0.0,0.0,0.0,0.0,True,True,0.7,0.0,39.0,0.0,0.0,0.0,0.0,1.0,0.0,0.0,0.0,0.0,0.0,0.0,U3ECV,True,True,0.7,0.0,39.0,0.0,0.0,0.0,0.0,1.0,0.0,0.0,0.0,0.0,0.0,0.0
138,nnIQMUfEEeylbAqjSwTWlQ,cBSw1,4,0.03633540372670808,38.170731707317074,5.0,15.0,0.0,0.0,0.0,0.0,True,True,0.7,1800000.0,36.0,0.0,0.0,0.0,0.0,1.0,0.0,0.0,0.0,0.0,0.0,0.0,RBpSt,True,True,0.7,1800000.0,36.0,0.0,0.0,0.0,0.0,1.0,0.0,0.0,0.0,0.0,0.0,0.0
142,o_P_cS4OEe2osxLXqrpu6Q,O9CXC,4,0.0,365.0,7.0,4.0,0.0,0.0,0.0,0.0,True,True,0.6,1800000.0,35.0,0.0,0.0,0.0,0.0,1.0,0.0,0.0,0.0,0.0,0.0,0.0,rhr8a,True,True,0.6,1800000.0,25.0,0.0,0.0,0.0,0.0,1.0,0.0,0.0,0.0,0.0,0.0,0.0
143,oovXvNmbEeW6jg7jFY56EQ,xikbN,6,0.3548795944233207,34.07692307692308,7.0,155.0,0.0,0.0,0.0,0.0,True,True,0.7,1800000.0,17.0,0.0,0.0,0.0,0.0,0.5294117647058824,0.0,0.0,0.0,0.4705882352941176,0.0,0.0,PPwxA,True,True,0.7,1800000.0,18.0,0.0,0.0,0.0,0.0,0.5,0.0,0.0,0.0,0.5,0.0,0.0
146,qJsLe5h_EeWF6gpQJiw6hQ,hb7Sd,9,0.0,365.0,8.0,178.0,0.0,0.0,0.0,0.0,True,True,0.65,1800000.0,4.0,0.0,0.0,0.0,0.0,1.0,0.0,0.0,0.0,0.0,0.0,0.0,9V6xz,True,True,0.8,1800000.0,19.0,0.0,0.0,0.0,0.0,1.0,0.0,0.0,0.0,0.0,0.0,0.0
147,qP8H0jR0Ee2fgRKcLe05yw,pXWmn,4,0.38461538461538464,44.70967741935484,7.0,10.0,0.0,0.0,0.0,0.0,True,True,0.7,1800000.0,40.0,0.0,0.0,0.0,0.0,1.0,0.0,0.0,0.0,0.0,0.0,0.0,DP8HQ,True,True,0.7,1800000.0,40.0,0.0,0.0,0.0,0.0,1.0,0.0,0.0,0.0,0.0,0.0,0.0
148,qurK0UZOEeyA6RJN-JXSsw,HqjgD,4,0.18925283665168058,39.87951807228916,5.0,13.0,0.0,0.0,0.0,0.0,True,True,0.7,1800000.0,50.0,0.3,0.0,0.0,0.0,0.7,0.0,0.0,0.0,0.0,0.0,0.0,ltq0p,True,True,0.7,1800000.0,50.0,0.2,0.0,0.0,0.0,0.8,0.0,0.0,0.0,0.0,0.0,0.0
151,rPfuW47xEeWZyg6bf_Oxkw,a57AL,24,0.0,365.0,8.0,49.0,0.0,0.0,0.0,0.0,True,True,0.8,1800000.0,36.0,0.0,0.0,0.0,0.0,1.0,0.0,0.0,0.0,0.0,0.0,0.0,B866W,True,True,0.8,1800000.0,31.0,0.0,0.0,0.0,0.0,1.0,0.0,0.0,0.0,0.0,0.0,0.0
152,rc5KG0aUEeWG1w6arGoEIQ,btI5b,4,0.25795639219934996,37.08860759493671,7.0,38.0,0.0,0.0,0.0,0.0,True,True,0.6,1800000.0,91.0,0.3296703296703296,0.0,0.0,0.0,0.6703296703296703,0.0,0.0,0.0,0.0,0.0,0.0,Kkvif,True,True,0.6,1800000.0,78.0,0.4871794871794871,0.0,0.0,0.0,0.5128205128205128,0.0,0.0,0.0,0.0,0.0,0.0
154,rrHRlF1kEeWGRgqDyC2Iqw,VOg94,13,0.2945214185839583,35.170731707317074,7.0,99.0,0.0,0.0,0.0,0.0,True,True,0.6,1800000.0,30.0,0.0,0.0,0.0,0.0,1.0,0.0,0.0,0.0,0.0,0.0,0.0,Sgy80,True,True,0.6,1800000.0,15.0,0.0,0.0,0.0,0.0,0.8,0.0,0.0,0.0,0.2,0.0,0.0
155,rs5poBvQEee36g6c01892A,T6Qd6,13,0.0398406374501992,208.28571428571428,10.0,19.0,4.0,4.0,2.0,2.0,True,True,1.0,1800000.0,2.0,0.0,0.0,0.0,0.0,0.0,0.0,1.0,0.0,0.0,0.0,0.0,p3dPT,True,True,1.0,1800000.0,26.0,0.1923076923076923,0.0,0.0,0.0,0.8076923076923077,0.0,0.0,0.0,0.0,0.0,0.0
157,tAfppJ3KEeWoKRLkmmHLTQ,8m5vv,4,0.23966802982920377,36.202586206896555,7.0,104.0,0.0,0.0,0.0,0.0,True,True,0.7,1800000.0,30.0,0.3333333333333333,0.0,0.0,0.0,0.5,0.0,0.0,0.0,0.1,0.0666666666666666,0.0,wQWMG,True,True,0.7,1800000.0,45.0,0.0,0.0,0.0,0.0,0.9777777777777776,0.0,0.0,0.0,0.0,0.0222222222222222,0.0
162,uFdYfrMiEeWoKQ4rUD57pQ,aeoOS,6,0.1760707002039429,42.08695652173913,7.0,60.0,8.0,24.0,1.0,2.0,True,True,1.0,1800000.0,25.0,0.2,0.0,0.0,0.0,0.8,0.0,0.0,0.0,0.0,0.0,0.0,1ybrs,True,True,0.6,1800000.0,19.0,0.2631578947368421,0.0,0.0,0.0,0.4210526315789473,0.0,0.0,0.0,0.3157894736842105,0.0,0.0
163,uX0wfIQyEeetQwoqGsZceA,pXWmn,4,0.06833956219967965,35.840425531914896,5.0,18.0,0.0,0.0,0.0,0.0,True,True,0.7,1800000.0,40.0,0.0,0.0,0.0,0.0,1.0,0.0,0.0,0.0,0.0,0.0,0.0,DP8HQ,True,True,0.7,1800000.0,40.0,0.0,0.0,0.0,0.0,1.0,0.0,0.0,0.0,0.0,0.0,0.0
165,v8BCQVu-EeWzUQ41NnCQkQ,7LMP9,24,0.10032613759900606,34.67226890756302,7.0,294.0,0.0,0.0,0.0,0.0,True,True,0.8,1800000.0,13.0,0.0,0.0,0.0,0.0,0.9230769230769232,0.0,0.0,0.0,0.0,0.0769230769230769,0.0,90Va0,True,True,0.6,1800000.0,6.0,0.0,0.0,0.0,0.0,0.6666666666666666,0.0,0.0,0.0,0.3333333333333333,0.0,0.0
166,vYJVo5n5EeWt-Ao8imSkCQ,uqEiB,22,0.1326153846153846,66.19811320754717,32.16981132075472,196.0754716981132,0.0,0.0,0.0,0.0,True,True,0.7,1800000.0,35.0,0.6571428571428571,0.0,0.0,0.0,0.3428571428571428,0.0,0.0,0.0,0.0,0.0,0.0,u3DAS,True,True,0.7,1800000.0,21.0,0.6190476190476191,0.0,0.0,0.0,0.3809523809523809,0.0,0.0,0.0,0.0,0.0,0.0
167,vwWigjNuEe2-XQqEjtlAqQ,T6Qd6,13,0.0,365.0,11.0,12.0,3.0,3.0,2.0,2.0,True,True,1.0,1800000.0,2.0,0.0,0.0,0.0,0.0,0.0,0.0,1.0,0.0,0.0,0.0,0.0,p3dPT,True,True,1.0,1800000.0,26.0,0.1923076923076923,0.0,0.0,0.0,0.8076923076923077,0.0,0.0,0.0,0.0,0.0,0.0
169,wZm0CJ0jEeWILQ7D3uPEMw,R7N87,4,0.24670794453649603,35.172413793103445,7.0,13.0,0.0,0.0,0.0,0.0,True,True,0.8,1800000.0,38.0,0.0,0.0,0.0,0.0,1.0,0.0,0.0,0.0,0.0,0.0,0.0,DurTE,True,True,0.8,1800000.0,38.0,0.0,0.0,0.0,0.0,1.0,0.0,0.0,0.0,0.0,0.0,0.0
172,yI4JGU-dEea4egrzKxnr0w,KfiC7,4,0.3307457922228671,34.08108108108108,7.0,32.0,0.0,0.0,0.0,0.0,True,True,0.8,1800000.0,72.0,0.0833333333333333,0.0,0.0,0.0,0.9166666666666666,0.0,0.0,0.0,0.0,0.0,0.0,T0tZq,True,True,0.8,1800000.0,62.0,0.3870967741935484,0.0,0.0,0.0,0.6129032258064516,0.0,0.0,0.0,0.0,0.0,0.0
173,yXMpEJw3EeW6bw4ogk2HGQ,o4XdG,4,0.09229475454641017,39.356521739130436,7.0,14.152173913043478,0.0,0.0,0.0,0.0,True,True,0.7,1800000.0,40.0,0.1,0.0,0.0,0.0,0.9,0.0,0.0,0.0,0.0,0.0,0.0,ey9Qq,True,True,0.7,1800000.0,40.0,0.0,0.0,0.0,0.0,1.0,0.0,0.0,0.0,0.0,0.0,0.0
176,yqF2L50oEeWJORITtzkPnQ,EClrl,10,0.4941469606506511,76.22689075630252,13.0,162.0,0.0,0.0,0.0,0.0,True,True,0.7,1800000.0,145.0,0.1862068965517241,0.0,0.0,0.0,0.8,0.0,0.0,0.0,0.0,0.0137931034482758,0.0,sQgza,True,True,0.7,1800000.0,167.0,0.1616766467065868,0.0,0.0,0.0,0.8383233532934131,0.0,0.0,0.0,0.0,0.0,0.0
